Title,Views,Posted,ScanDate
Bitcoin mining with 15 lines of python code | Python Bitcoin Tutorial,862K views,7 months ago,8/30/2021
Python Pandas Tutorial 1. What is Pandas python? Introduction and Installation,683K views,4 years ago,8/30/2021
Machine Learning Tutorial Python -1: What is Machine Learning?,464K views,3 years ago,8/30/2021
Python Pandas Tutorial 2: Dataframe Basics,458K views,4 years ago,8/30/2021
Python Pandas Tutorial 4: Read Write Excel CSV File,447K views,4 years ago,8/30/2021
Complete python roadmap | How to become an expert in python programming,447K views,11 months ago,8/30/2021
How to learn data analyst skills for free | How to become a data analyst,442K views,1 year ago,8/30/2021
"He cracked FAANG interviews in 10 companies including Amazon, Facebook, UBER, Microsoft",405K views,2 months ago,8/30/2021
Machine Learning Tutorial Python - 2: Linear Regression Single Variable,357K views,3 years ago,8/30/2021
How to learn coding for beginners | Learn coding for free | learn coding from scratch,347K views,1 year ago,8/30/2021
"Learn data analyst skills in 3 months, step by step | Complete data analyst roadmap",328K views,9 months ago,8/30/2021
Step by step roadmap to learn data science in 6 months | Complete data science roadmap,327K views,10 months ago,8/30/2021
8 Skills to get a data analyst job | Skills to become successful data analyst,325K views,11 months ago,8/30/2021
Machine Learning Tutorial Python - 4: Gradient Descent and Cost Function,286K views,3 years ago,8/30/2021
"Git Tutorial 4: Basic Commands: add, commit, push",266K views,5 years ago,8/30/2021
What is Jupyter Notebook? | Jupyter Notebook Tutorial in Python,261K views,4 years ago,8/30/2021
Machine Learning Tutorial Python - 3: Linear Regression Multiple Variables,252K views,3 years ago,8/30/2021
He became top rated freelancer in first 4 months on upwork | Data analyst freelancer,239K views,9 months ago,8/30/2021
Data Structures & Algorithms Tutorial in Python #1 - What are data structures?,231K views,1 year ago,8/30/2021
"Python Pandas Tutorial 5: Handle Missing Data: fillna, dropna, interpolate",218K views,4 years ago,8/30/2021
Machine Learning Tutorial Python - 7: Training and Testing Data,208K views,3 years ago,8/30/2021
Machine Learning Tutorial Python - 8: Logistic Regression (Binary Classification),205K views,2 years ago,8/30/2021
Machine Learning Tutorial Python - 9 Decision Tree,194K views,2 years ago,8/30/2021
Python Pandas Tutorial 7. Group By (Split Apply Combine),192K views,4 years ago,8/30/2021
Why Should You Learn Python? | Complete python3 tutorials for beginners,187K views,4 years ago,8/30/2021
Python Tutorial - 26. Multithreading - Introduction,184K views,5 years ago,8/30/2021
Learn data science for beginners (How to learn data science for free)?,183K views,1 year ago,8/30/2021
Machine Learning Tutorial Python - 13: K Means Clustering Algorithm,178K views,2 years ago,8/30/2021
Python Pandas Tutorial 3: Different Ways Of Creating DataFrame,178K views,4 years ago,8/30/2021
Big O notation - Data Structures & Algorithms Tutorial #2 | Measuring time complexity,178K views,1 year ago,8/30/2021
